{
    "flowName": "Password Reset Flow",
    "nodes": [
        {
            "id": "1",
            "name": "Start",
            "type": "START",
            "metadata": {
                "category": "System"
            },
            "description": {}
        },
        {
            "id": "2",
            "name": "Forgot Password Screen",
            "type": "ENTRYPOINT",
            "metadata": {
                "category": "Authentication"
            },
            "description": {
                "message": "Digite seu email para redefinir a senha."
            }
        },
        {
            "id": "3",
            "name": "Email Sent Confirmation",
            "type": "STEP",
            "metadata": {
                "category": "Notification"
            },
            "description": {
                "message": "Um email com instruções foi enviado."
            }
        },
        {
            "id": "4",
            "name": "Password Reset Form",
            "type": "STEP",
            "metadata": {
                "category": "Authentication"
            },
            "description": {
                "action": "Usuário define uma nova senha.",
                "inputs": [
                    "Nova Senha",
                    "Confirmar Senha"
                ],
                "errors": [
                    "Senhas não coincidem",
                    "Senha fraca"
                ]
            }
        },
        {
            "id": "5",
            "name": "Password Reset Success",
            "type": "STEP",
            "metadata": {
                "category": "Success"
            },
            "description": {
                "message": "Senha redefinida com sucesso!"
            }
        },
        {
            "id": "6",
            "name": "End",
            "type": "END",
            "metadata": {
                "category": "System"
            },
            "description": {}
        }
    ],
    "connections": [
        {
            "id": "c1",
            "from": "1",
            "to": "2",
            "conditionLabel": "Iniciar Redefinição"
        },
        {
            "id": "c2",
            "from": "2",
            "to": "3",
            "conditionLabel": "Email Enviado"
        },
        {
            "id": "c3",
            "from": "3",
            "to": "4",
            "conditionLabel": "Link de Redefinição Acessado"
        },
        {
            "id": "c4",
            "from": "4",
            "to": "5",
            "conditionLabel": "Senha Redefinida"
        },
        {
            "id": "c5",
            "from": "5",
            "to": "6",
            "conditionLabel": "Processo Concluído"
        }
    ]
}